Source,Batch,Frame,Layer,LayerName,NumDims,Dimensions,RawTensorData
Source_1,Batch_1,Frame_0,Layer_0,output_cov/Sigmoid:0,3,4 34 60 ,RAW_DATA:0.000005 0.000008 0.000007 0.000005 0.000004 0.000004 0.000003 0.000003 0.000003 0.000003 0.000002 0.000002 0.000001 0.000001 0.000001 0.000001 0.000001 0.000002 0.000002 0.000005 0.000005 0.000008 0.000009 0.000008 0.000005 0.000006 0.000008 0.000021 0.000039 0.000087 0.000053 0.000062 0.000024 0.000015 0.000006 0.000024 0.000021 0.000011 0.000019 0.000014 0.000018 0.000015 0.000005 0.000003 0.000003 0.000003 0.000004 0.000004 0.000003 0.000004 0.000004 0.000005 0.000005 0.000005 0.000005 0.000003 0.000004 0.000008 0.000024 0.000024 0.000003 0.000010 0.000016 0.000011 0.000007 0.000007 0.000008 0.000005 0.000003 0.000002 0.000001 0.000001 0.000000 0.000000 0.000000 0.000000 0.000000 0.000000 0.000001 0.000004 0.000006 0.000010 0.000009 0.000006 0.000010 0.000005 0.000010 0.000003 0.000026 0.000034 0.000028 0.000030 0.000012 0.000015 0.000004 0.000008 0.000001 0.000005 0.000008 0.000011...[truncated_8160_elements]
Source_1,Batch_1,Frame_0,Layer_1,output_bbox/BiasAdd:0,3,16 34 60 ,RAW_DATA:0.614021 0.394050 0.691631 0.796956 0.815977 0.794627 0.507300 0.584607 0.593006 0.633733 0.829674 1.098827 1.236346 1.233521 1.119038 0.949398 0.908111 0.932666 0.794024 0.566756 0.558757 0.535111 0.500089 0.370380 0.113349 -0.340975 -0.312796 -0.072575 0.060920 0.131763 -0.085062 0.265706 0.373931 0.362267 0.674255 0.842734 0.803703 0.935709 1.278137 1.783771 1.813879 1.182986 0.575201 0.795407 0.859312 0.743221 0.595432 0.596019 0.608887 0.760724 0.578946 0.500376 0.526008 0.538831 0.528507 0.575085 0.622115 0.350730 0.320649 0.189112 0.355373 0.293649 0.745616 1.064580 1.139893 1.144022 1.173329 1.153467 1.208787 1.247200 1.336354 1.595337 1.791477 1.953525 1.753486 1.728713 1.363379 0.953777 0.607651 0.469072 0.254781 0.275626 0.373472 0.467860 0.875388 -0.017435 0.255429 -0.101381 -0.225831 0.190011 -0.082766 0.208169 0.323846 0.365258 0.477270 0.605619 0.763993 0.864973 1.139755 1.409819...[truncated_32640_elements]
Source_0,Batch_2,Frame_0,Layer_0,output_cov/Sigmoid:0,3,4 34 60 ,RAW_DATA:0.000010 0.000007 0.000004 0.000002 0.000001 0.000001 0.000001 0.000001 0.000000 0.000001 0.000001 0.000001 0.000001 0.000000 0.000001 0.000001 0.000001 0.000001 0.000001 0.000001 0.000001 0.000001 0.000001 0.000001 0.000001 0.000001 0.000001 0.000003 0.000010 0.000028 0.000007 0.000004 0.000001 0.000000 0.000000 0.000001 0.000001 0.000001 0.000001 0.000000 0.000000 0.000002 0.000041 0.001947 0.002043 0.006186 0.000206 0.000006 0.000002 0.000001 0.000000 0.000000 0.000001 0.000000 0.000000 0.000000 0.000000 0.000001 0.000004 0.000006 0.000001 0.000002 0.000001 0.000001 0.000000 0.000000 0.000000 0.000000 0.000000 0.000001 0.000001 0.000001 0.000001 0.000001 0.000002 0.000002 0.000001 0.000001 0.000000 0.000001 0.000001 0.000001 0.000001 0.000001 0.000001 0.000001 0.000001 0.000000 0.000001 0.000006 0.000009 0.000004 0.000002 0.000001 0.000001 0.000001 0.000001 0.000001 0.000002 0.000001...[truncated_8160_elements]
Source_0,Batch_2,Frame_0,Layer_1,output_bbox/BiasAdd:0,3,16 34 60 ,RAW_DATA:0.337074 0.421702 0.904240 1.358189 1.441199 1.363358 1.344085 1.328564 1.188415 0.938191 0.937643 1.091034 1.419318 1.307683 1.752263 1.557085 1.383450 1.090148 0.686514 0.641791 0.796775 0.851389 0.824161 0.756875 0.633340 0.337629 0.248802 0.188122 0.180517 0.327345 0.407882 0.454110 0.428664 0.391066 0.377710 0.462241 0.480853 0.525800 0.567165 0.595901 0.338757 0.085842 -0.412508 -0.274522 0.167591 0.633737 1.170775 1.169291 0.960804 0.887049 0.702661 0.703996 0.699698 0.672462 0.684133 0.656638 0.592197 0.193291 0.173673 0.132027 0.031759 0.396173 0.874163 1.343364 1.765359 2.111099 2.584108 2.305221 1.813704 1.764468 2.518906 2.113239 2.321885 1.796529 2.568165 2.691839 2.902464 2.391807 1.791725 1.546633 1.695801 1.943496 1.957108 2.131949 1.672785 0.853005 0.449693 0.257997 0.409468 0.568630 0.661340 0.653542 0.571566 0.470692 0.493664 0.584303 0.647888 0.692546 0.830083 1.018850...[truncated_32640_elements]
Source_1,Batch_2,Frame_1,Layer_0,output_cov/Sigmoid:0,3,4 34 60 ,RAW_DATA:0.000005 0.000008 0.000007 0.000005 0.000004 0.000004 0.000003 0.000003 0.000003 0.000003 0.000002 0.000002 0.000001 0.000001 0.000001 0.000001 0.000001 0.000002 0.000002 0.000005 0.000006 0.000009 0.000009 0.000008 0.000005 0.000006 0.000009 0.000020 0.000036 0.000060 0.000040 0.000046 0.000018 0.000013 0.000006 0.000025 0.000023 0.000012 0.000021 0.000015 0.000019 0.000015 0.000005 0.000003 0.000003 0.000003 0.000004 0.000004 0.000003 0.000004 0.000004 0.000005 0.000005 0.000005 0.000005 0.000003 0.000004 0.000008 0.000024 0.000024 0.000003 0.000010 0.000016 0.000011 0.000007 0.000007 0.000008 0.000005 0.000003 0.000002 0.000001 0.000001 0.000000 0.000000 0.000000 0.000000 0.000000 0.000000 0.000001 0.000004 0.000006 0.000011 0.000008 0.000007 0.000010 0.000006 0.000011 0.000004 0.000024 0.000031 0.000025 0.000029 0.000012 0.000014 0.000005 0.000010 0.000001 0.000006 0.000009 0.000011...[truncated_8160_elements]
Source_1,Batch_2,Frame_1,Layer_1,output_bbox/BiasAdd:0,3,16 34 60 ,RAW_DATA:0.614021 0.394050 0.691631 0.796956 0.815977 0.794627 0.507300 0.584322 0.591831 0.633093 0.824642 1.089851 1.229314 1.225092 1.086375 0.917390 0.861988 0.904968 0.771778 0.548575 0.543876 0.541909 0.598684 0.458234 0.318458 -0.296002 -0.307896 -0.035824 0.017602 0.139469 -0.085092 0.262238 0.386709 0.367848 0.663236 0.826743 0.831590 0.956103 1.305418 1.800028 1.819445 1.193552 0.576465 0.791924 0.860834 0.749105 0.604724 0.605667 0.614893 0.770331 0.578852 0.496556 0.524746 0.538736 0.528527 0.575108 0.622115 0.350730 0.320649 0.189112 0.355373 0.293649 0.745616 1.064580 1.139893 1.144025 1.173255 1.152284 1.206569 1.245294 1.334854 1.593823 1.785937 1.937734 1.733719 1.695580 1.336960 0.923597 0.580451 0.431655 0.171360 0.183886 0.357181 0.525142 0.931435 0.164546 0.250708 -0.101031 -0.225503 0.186315 -0.084412 0.208682 0.304202 0.341530 0.420798 0.593050 0.785157 0.883818 1.166945 1.423179...[truncated_32640_elements]
Source_0,Batch_3,Frame_1,Layer_0,output_cov/Sigmoid:0,3,4 34 60 ,RAW_DATA:0.000010 0.000007 0.000004 0.000002 0.000001 0.000001 0.000001 0.000001 0.000000 0.000001 0.000001 0.000001 0.000001 0.000000 0.000001 0.000001 0.000000 0.000001 0.000001 0.000001 0.000001 0.000001 0.000001 0.000001 0.000001 0.000001 0.000001 0.000003 0.000010 0.000028 0.000007 0.000004 0.000001 0.000000 0.000000 0.000001 0.000001 0.000001 0.000001 0.000000 0.000000 0.000002 0.000040 0.001930 0.002025 0.006122 0.000205 0.000006 0.000002 0.000001 0.000000 0.000000 0.000001 0.000000 0.000000 0.000000 0.000000 0.000001 0.000004 0.000006 0.000001 0.000002 0.000001 0.000001 0.000000 0.000000 0.000000 0.000000 0.000000 0.000001 0.000001 0.000001 0.000001 0.000001 0.000002 0.000002 0.000001 0.000001 0.000000 0.000001 0.000001 0.000001 0.000001 0.000001 0.000001 0.000001 0.000001 0.000000 0.000001 0.000006 0.000009 0.000004 0.000002 0.000001 0.000001 0.000001 0.000001 0.000001 0.000002 0.000001...[truncated_8160_elements]
Source_0,Batch_3,Frame_1,Layer_1,output_bbox/BiasAdd:0,3,16 34 60 ,RAW_DATA:0.330230 0.422258 0.904700 1.362958 1.434981 1.356722 1.351463 1.332518 1.186334 0.934850 0.934676 1.088326 1.420140 1.309484 1.758563 1.582854 1.395896 1.095302 0.688015 0.636976 0.800899 0.860078 0.836799 0.765017 0.644258 0.345952 0.246927 0.187995 0.180394 0.326865 0.407879 0.454957 0.428680 0.390755 0.377304 0.461855 0.480809 0.525476 0.567693 0.596896 0.338737 0.086542 -0.412360 -0.274561 0.167610 0.633710 1.170852 1.173062 0.962382 0.888380 0.703425 0.704025 0.699402 0.672072 0.683861 0.656561 0.591943 0.194263 0.174231 0.130985 0.032631 0.396493 0.874181 1.342522 1.761665 2.106260 2.588085 2.309816 1.810849 1.760000 2.521425 2.110370 2.326159 1.804191 2.574177 2.704661 2.909476 2.399800 1.809366 1.541144 1.696112 1.943335 1.975758 2.169975 1.704026 0.864526 0.454636 0.257360 0.409180 0.568787 0.662278 0.653076 0.570804 0.470506 0.492071 0.583039 0.647437 0.692637 0.830991 1.018814...[truncated_32640_elements]
Source_1,Batch_3,Frame_2,Layer_0,output_cov/Sigmoid:0,3,4 34 60 ,RAW_DATA:0.000005 0.000008 0.000007 0.000005 0.000004 0.000004 0.000003 0.000003 0.000003 0.000003 0.000002 0.000002 0.000001 0.000001 0.000001 0.000001 0.000001 0.000002 0.000002 0.000005 0.000007 0.000010 0.000008 0.000007 0.000004 0.000005 0.000008 0.000019 0.000028 0.000049 0.000028 0.000036 0.000020 0.000013 0.000005 0.000024 0.000024 0.000013 0.000021 0.000015 0.000019 0.000015 0.000005 0.000003 0.000003 0.000003 0.000004 0.000004 0.000003 0.000004 0.000004 0.000005 0.000005 0.000005 0.000005 0.000003 0.000004 0.000008 0.000024 0.000024 0.000003 0.000010 0.000016 0.000011 0.000007 0.000007 0.000008 0.000005 0.000003 0.000002 0.000001 0.000001 0.000000 0.000000 0.000000 0.000000 0.000000 0.000000 0.000001 0.000004 0.000007 0.000009 0.000007 0.000006 0.000008 0.000004 0.000008 0.000003 0.000019 0.000019 0.000017 0.000021 0.000012 0.000013 0.000005 0.000009 0.000001 0.000006 0.000009 0.000012...[truncated_8160_elements]
Source_1,Batch_3,Frame_2,Layer_1,output_bbox/BiasAdd:0,3,16 34 60 ,RAW_DATA:0.614021 0.394050 0.691631 0.796956 0.815977 0.794627 0.507300 0.584303 0.591355 0.631650 0.810247 1.072764 1.206486 1.203985 1.065296 0.917633 0.856442 0.906977 0.771860 0.556089 0.563227 0.599029 0.725864 0.510885 0.240437 -0.311702 -0.353026 -0.043313 0.101395 0.141313 -0.086578 0.256295 0.426016 0.395866 0.665746 0.810998 0.700493 0.915208 1.281800 1.797785 1.821605 1.187213 0.573984 0.797500 0.865556 0.759465 0.616865 0.612011 0.615238 0.764760 0.578472 0.497298 0.525001 0.538705 0.528507 0.575093 0.622115 0.350730 0.320649 0.189112 0.355373 0.293649 0.745616 1.064580 1.139893 1.144023 1.173293 1.152352 1.206406 1.242136 1.328566 1.582147 1.760279 1.920993 1.725687 1.685524 1.337274 0.929211 0.594993 0.447910 0.186640 0.292271 0.419103 0.540693 0.935762 0.081408 0.262771 -0.090754 -0.224882 0.184044 -0.084882 0.220322 0.341138 0.332494 0.385408 0.586838 0.760335 0.861841 1.141156 1.417871...[truncated_32640_elements]
Source_1,Batch_4,Frame_3,Layer_0,output_cov/Sigmoid:0,3,4 34 60 ,RAW_DATA:0.000005 0.000008 0.000007 0.000005 0.000004 0.000004 0.000003 0.000003 0.000003 0.000003 0.000002 0.000002 0.000001 0.000001 0.000001 0.000001 0.000001 0.000002 0.000002 0.000005 0.000007 0.000010 0.000008 0.000008 0.000004 0.000005 0.000007 0.000016 0.000024 0.000049 0.000029 0.000033 0.000019 0.000012 0.000005 0.000021 0.000020 0.000011 0.000018 0.000015 0.000018 0.000015 0.000005 0.000003 0.000003 0.000003 0.000004 0.000004 0.000003 0.000004 0.000004 0.000005 0.000005 0.000005 0.000005 0.000003 0.000004 0.000008 0.000024 0.000024 0.000003 0.000010 0.000016 0.000011 0.000007 0.000007 0.000008 0.000005 0.000003 0.000002 0.000001 0.000001 0.000000 0.000000 0.000000 0.000000 0.000000 0.000000 0.000001 0.000004 0.000007 0.000009 0.000007 0.000006 0.000008 0.000004 0.000006 0.000002 0.000016 0.000016 0.000015 0.000018 0.000011 0.000011 0.000004 0.000008 0.000001 0.000005 0.000008 0.000010...[truncated_8160_elements]
Source_1,Batch_4,Frame_3,Layer_1,output_bbox/BiasAdd:0,3,16 34 60 ,RAW_DATA:0.614021 0.394050 0.691631 0.796956 0.815977 0.794627 0.507294 0.584203 0.590633 0.631204 0.806720 1.072654 1.218655 1.224499 1.094249 0.930287 0.870340 0.901428 0.765342 0.536438 0.537073 0.567332 0.588848 0.424143 0.173746 -0.269125 -0.229468 -0.028884 0.092357 0.141117 -0.082678 0.254543 0.421100 0.388186 0.723369 0.835307 0.693168 0.905436 1.272841 1.791859 1.829473 1.185184 0.571915 0.800697 0.868444 0.757622 0.599602 0.603251 0.614785 0.765052 0.579041 0.498262 0.525266 0.538728 0.528508 0.575093 0.622115 0.350730 0.320649 0.189112 0.355373 0.293649 0.745616 1.064580 1.139893 1.144029 1.173177 1.151605 1.204257 1.240357 1.325632 1.580964 1.766585 1.929658 1.734658 1.691846 1.334328 0.923089 0.582379 0.409194 0.155615 0.229312 0.393505 0.506256 0.903803 0.084022 0.259408 -0.044895 -0.224425 0.186090 -0.068786 0.246450 0.383417 0.347635 0.364755 0.589561 0.755407 0.865331 1.144234 1.425604...[truncated_32640_elements]
Source_0,Batch_5,Frame_2,Layer_0,output_cov/Sigmoid:0,3,4 34 60 ,RAW_DATA:0.000009 0.000006 0.000003 0.000002 0.000001 0.000000 0.000001 0.000001 0.000000 0.000001 0.000001 0.000001 0.000001 0.000000 0.000001 0.000001 0.000000 0.000001 0.000001 0.000001 0.000001 0.000001 0.000001 0.000001 0.000001 0.000001 0.000001 0.000002 0.000010 0.000027 0.000007 0.000004 0.000001 0.000000 0.000000 0.000001 0.000001 0.000001 0.000001 0.000000 0.000000 0.000001 0.000005 0.000221 0.000156 0.000381 0.000195 0.000009 0.000001 0.000001 0.000000 0.000000 0.000001 0.000000 0.000000 0.000000 0.000000 0.000001 0.000004 0.000006 0.000001 0.000001 0.000001 0.000001 0.000000 0.000000 0.000000 0.000000 0.000000 0.000001 0.000001 0.000001 0.000001 0.000000 0.000002 0.000002 0.000001 0.000001 0.000001 0.000001 0.000001 0.000001 0.000001 0.000001 0.000001 0.000001 0.000001 0.000000 0.000001 0.000006 0.000008 0.000004 0.000002 0.000001 0.000001 0.000001 0.000001 0.000001 0.000001 0.000001...[truncated_8160_elements]
Source_0,Batch_5,Frame_2,Layer_1,output_bbox/BiasAdd:0,3,16 34 60 ,RAW_DATA:0.304741 0.419914 0.906539 1.353461 1.400871 1.424959 1.351658 1.453484 1.562470 1.335610 1.271712 1.306349 1.315497 1.173525 1.627963 1.411188 1.259994 0.979352 0.641253 0.656613 0.792151 0.835307 0.801998 0.702513 0.531766 0.341812 0.268752 0.183964 0.183945 0.316024 0.403603 0.465873 0.426483 0.391592 0.377568 0.459636 0.474840 0.515399 0.549492 0.567415 0.555196 0.273795 -0.321308 -0.269183 0.116915 0.570345 1.018693 1.068072 1.193091 0.911838 0.717061 0.687898 0.699648 0.675388 0.683076 0.660960 0.596044 0.193591 0.173533 0.131685 0.025480 0.401481 0.878738 1.342845 1.802267 2.196164 2.691459 2.477046 2.029513 2.115509 3.149441 2.997026 2.380706 1.847217 1.984862 2.691748 2.489202 2.005988 1.657727 1.587215 1.711501 2.059023 1.782291 1.805148 1.416075 0.728126 0.403328 0.262880 0.423041 0.588404 0.671926 0.641683 0.557739 0.462822 0.488861 0.572977 0.651461 0.705299 0.855011 1.105321...[truncated_32640_elements]
Source_1,Batch_5,Frame_4,Layer_0,output_cov/Sigmoid:0,3,4 34 60 ,RAW_DATA:0.000005 0.000008 0.000007 0.000005 0.000004 0.000004 0.000003 0.000003 0.000003 0.000003 0.000002 0.000002 0.000001 0.000001 0.000001 0.000001 0.000001 0.000002 0.000002 0.000005 0.000006 0.000010 0.000009 0.000007 0.000004 0.000005 0.000007 0.000017 0.000025 0.000043 0.000029 0.000033 0.000018 0.000013 0.000005 0.000022 0.000020 0.000011 0.000018 0.000015 0.000019 0.000016 0.000006 0.000003 0.000003 0.000003 0.000004 0.000004 0.000003 0.000004 0.000004 0.000005 0.000005 0.000005 0.000005 0.000003 0.000004 0.000008 0.000024 0.000024 0.000003 0.000010 0.000016 0.000011 0.000007 0.000007 0.000008 0.000005 0.000003 0.000002 0.000001 0.000001 0.000000 0.000000 0.000000 0.000000 0.000000 0.000001 0.000001 0.000004 0.000007 0.000009 0.000007 0.000006 0.000009 0.000006 0.000011 0.000003 0.000021 0.000021 0.000017 0.000020 0.000011 0.000012 0.000004 0.000008 0.000001 0.000005 0.000007 0.000011...[truncated_8160_elements]
Source_1,Batch_5,Frame_4,Layer_1,output_bbox/BiasAdd:0,3,16 34 60 ,RAW_DATA:0.614021 0.394050 0.691631 0.796956 0.815977 0.794627 0.507292 0.584224 0.590655 0.631066 0.807129 1.070660 1.209401 1.214646 1.078102 0.916216 0.845493 0.889714 0.753469 0.532007 0.559118 0.587708 0.604973 0.513943 0.334492 -0.243949 -0.221153 -0.036857 0.030287 0.154000 -0.078142 0.266329 0.443559 0.480216 0.720016 0.808896 0.690484 0.902643 1.239990 1.766738 1.812144 1.178726 0.550766 0.788263 0.864173 0.755979 0.613014 0.612558 0.617454 0.765889 0.579483 0.499501 0.525661 0.538783 0.528511 0.575091 0.622115 0.350730 0.320649 0.189112 0.355373 0.293649 0.745616 1.064580 1.139893 1.144026 1.173138 1.151479 1.203922 1.239820 1.325454 1.579077 1.761301 1.924967 1.728034 1.680300 1.325553 0.907827 0.560431 0.397514 0.151174 0.193838 0.379662 0.541325 0.936726 -0.015525 0.245088 -0.076167 -0.221558 0.188742 -0.063986 0.267702 0.371111 0.332613 0.350796 0.594254 0.771441 0.865503 1.128142 1.409487...[truncated_32640_elements]
Source_0,Batch_6,Frame_3,Layer_0,output_cov/Sigmoid:0,3,4 34 60 ,RAW_DATA:0.000009 0.000006 0.000004 0.000003 0.000001 0.000001 0.000002 0.000001 0.000000 0.000001 0.000001 0.000001 0.000001 0.000000 0.000001 0.000001 0.000001 0.000001 0.000001 0.000001 0.000001 0.000001 0.000001 0.000001 0.000001 0.000001 0.000002 0.000002 0.000010 0.000026 0.000007 0.000004 0.000001 0.000000 0.000000 0.000001 0.000001 0.000001 0.000001 0.000001 0.000000 0.000000 0.000002 0.000401 0.001256 0.002683 0.000924 0.000020 0.000003 0.000001 0.000001 0.000000 0.000001 0.000000 0.000000 0.000000 0.000000 0.000001 0.000004 0.000006 0.000001 0.000001 0.000001 0.000001 0.000000 0.000000 0.000001 0.000000 0.000000 0.000001 0.000001 0.000001 0.000000 0.000000 0.000001 0.000002 0.000001 0.000001 0.000001 0.000001 0.000001 0.000001 0.000001 0.000001 0.000001 0.000001 0.000001 0.000000 0.000001 0.000005 0.000008 0.000004 0.000002 0.000001 0.000001 0.000001 0.000001 0.000001 0.000001 0.000001...[truncated_8160_elements]
Source_0,Batch_6,Frame_3,Layer_1,output_bbox/BiasAdd:0,3,16 34 60 ,RAW_DATA:0.340536 0.417876 0.907788 1.365773 1.434071 1.407947 1.467095 1.614392 1.708387 1.286387 1.118274 1.309943 1.271286 1.282239 1.475334 1.175051 1.155599 0.920653 0.693278 0.700818 0.837149 0.889366 0.898149 0.782538 0.512093 0.317506 0.264246 0.180645 0.182063 0.314183 0.402035 0.466903 0.428124 0.395273 0.381008 0.467070 0.491167 0.520783 0.547932 0.581171 0.594294 0.222879 -0.168801 -0.390276 0.035447 0.491415 0.926077 0.929257 1.395736 1.005548 0.767118 0.723892 0.721196 0.686368 0.686341 0.671979 0.599093 0.195180 0.175553 0.130341 0.039217 0.397034 0.877531 1.338515 1.782822 2.169746 2.692744 2.429548 2.016979 2.035712 2.821045 2.749198 1.771891 1.583428 1.969948 2.533643 2.220336 1.913875 1.643043 1.567737 1.878499 2.075343 1.789430 1.846119 1.347755 0.713090 0.399773 0.256903 0.424436 0.605464 0.677917 0.644870 0.563742 0.479220 0.510156 0.588695 0.644113 0.695428 0.834546 1.038111...[truncated_32640_elements]
Source_1,Batch_6,Frame_5,Layer_0,output_cov/Sigmoid:0,3,4 34 60 ,RAW_DATA:0.000005 0.000008 0.000007 0.000005 0.000004 0.000004 0.000003 0.000003 0.000003 0.000003 0.000002 0.000002 0.000001 0.000001 0.000001 0.000001 0.000001 0.000002 0.000002 0.000005 0.000006 0.000009 0.000008 0.000007 0.000004 0.000005 0.000008 0.000017 0.000024 0.000040 0.000027 0.000033 0.000018 0.000011 0.000005 0.000021 0.000021 0.000011 0.000019 0.000015 0.000020 0.000015 0.000006 0.000003 0.000003 0.000003 0.000004 0.000004 0.000003 0.000004 0.000004 0.000005 0.000005 0.000005 0.000005 0.000003 0.000004 0.000008 0.000024 0.000024 0.000003 0.000010 0.000016 0.000011 0.000007 0.000007 0.000008 0.000005 0.000003 0.000002 0.000001 0.000001 0.000000 0.000000 0.000000 0.000000 0.000000 0.000000 0.000001 0.000004 0.000006 0.000008 0.000007 0.000006 0.000009 0.000006 0.000011 0.000003 0.000021 0.000019 0.000015 0.000018 0.000010 0.000012 0.000004 0.000008 0.000001 0.000006 0.000009 0.000011...[truncated_8160_elements]
Source_1,Batch_6,Frame_5,Layer_1,output_bbox/BiasAdd:0,3,16 34 60 ,RAW_DATA:0.614021 0.394050 0.691631 0.796956 0.815977 0.794626 0.507290 0.584346 0.591815 0.632434 0.809831 1.072126 1.206386 1.208615 1.085791 0.937423 0.871628 0.907067 0.772878 0.525618 0.552399 0.614699 0.656412 0.559860 0.505805 -0.200408 -0.231789 -0.027657 0.054685 0.153076 -0.083751 0.262896 0.447890 0.442603 0.731475 0.840586 0.774260 0.931613 1.254576 1.748801 1.807159 1.164472 0.562241 0.796325 0.871774 0.764947 0.623354 0.615900 0.618244 0.766016 0.580122 0.500258 0.525958 0.538858 0.528511 0.575092 0.622115 0.350730 0.320649 0.189112 0.355373 0.293649 0.745616 1.064580 1.139893 1.144027 1.173099 1.151849 1.204646 1.241739 1.328900 1.582092 1.766372 1.925336 1.726091 1.685258 1.328610 0.924361 0.595987 0.439686 0.220075 0.285631 0.401396 0.544647 0.949350 0.075741 0.253283 -0.035105 -0.223275 0.187365 -0.078044 0.274735 0.360583 0.336715 0.368997 0.588606 0.772293 0.865374 1.136101 1.409693...[truncated_32640_elements]
Source_0,Batch_7,Frame_4,Layer_0,output_cov/Sigmoid:0,3,4 34 60 ,RAW_DATA:0.000009 0.000005 0.000005 0.000003 0.000002 0.000001 0.000003 0.000001 0.000000 0.000001 0.000001 0.000001 0.000001 0.000001 0.000001 0.000001 0.000000 0.000001 0.000001 0.000001 0.000001 0.000001 0.000000 0.000001 0.000001 0.000001 0.000002 0.000003 0.000011 0.000025 0.000008 0.000004 0.000001 0.000001 0.000000 0.000000 0.000001 0.000001 0.000000 0.000001 0.000000 0.000000 0.000002 0.000074 0.000075 0.000171 0.000449 0.000027 0.000002 0.000002 0.000000 0.000000 0.000001 0.000000 0.000000 0.000000 0.000000 0.000001 0.000004 0.000007 0.000001 0.000001 0.000001 0.000001 0.000000 0.000000 0.000001 0.000000 0.000000 0.000001 0.000001 0.000001 0.000000 0.000001 0.000002 0.000002 0.000001 0.000001 0.000001 0.000001 0.000001 0.000001 0.000001 0.000001 0.000001 0.000001 0.000001 0.000000 0.000001 0.000006 0.000008 0.000004 0.000002 0.000001 0.000001 0.000001 0.000001 0.000001 0.000001 0.000001...[truncated_8160_elements]
Source_0,Batch_7,Frame_4,Layer_1,output_bbox/BiasAdd:0,3,16 34 60 ,RAW_DATA:0.311000 0.410959 0.905217 1.348714 1.364969 1.408090 1.526921 1.599006 1.618969 1.152966 0.914126 1.038727 1.067643 1.467713 1.680266 1.422677 1.119750 0.718578 0.609492 0.684576 0.860238 0.917160 0.885290 0.710135 0.444224 0.315746 0.258254 0.228015 0.236324 0.300190 0.417161 0.540027 0.440448 0.395158 0.375097 0.461136 0.484729 0.517098 0.554391 0.607023 0.652406 0.202578 -0.451081 -0.544538 -0.069075 0.305326 0.832654 1.204756 1.522705 0.949737 0.782901 0.764545 0.755713 0.714883 0.687221 0.675384 0.607239 0.184863 0.180131 0.126708 0.034975 0.389981 0.871947 1.332522 1.754612 2.134728 2.654063 2.285740 1.998418 1.995177 2.661666 2.723983 1.893918 2.306170 2.346397 2.765904 2.433528 1.891549 1.449272 1.482652 1.832198 2.003133 1.634499 1.543703 1.116343 0.535664 0.352667 0.298453 0.479316 0.698891 0.844412 0.772673 0.586780 0.484470 0.487023 0.588314 0.623889 0.671024 0.848690 1.039032...[truncated_32640_elements]
Source_1,Batch_7,Frame_6,Layer_0,output_cov/Sigmoid:0,3,4 34 60 ,RAW_DATA:0.000005 0.000008 0.000007 0.000005 0.000004 0.000004 0.000003 0.000003 0.000003 0.000003 0.000002 0.000002 0.000001 0.000001 0.000001 0.000001 0.000001 0.000002 0.000002 0.000005 0.000006 0.000009 0.000008 0.000007 0.000005 0.000006 0.000009 0.000021 0.000030 0.000051 0.000030 0.000032 0.000018 0.000010 0.000004 0.000018 0.000019 0.000010 0.000018 0.000015 0.000018 0.000015 0.000006 0.000003 0.000003 0.000003 0.000004 0.000004 0.000003 0.000004 0.000004 0.000005 0.000005 0.000005 0.000005 0.000003 0.000004 0.000008 0.000024 0.000024 0.000003 0.000010 0.000016 0.000011 0.000007 0.000007 0.000008 0.000005 0.000003 0.000002 0.000001 0.000001 0.000000 0.000000 0.000000 0.000000 0.000000 0.000000 0.000001 0.000004 0.000006 0.000009 0.000007 0.000007 0.000011 0.000006 0.000010 0.000003 0.000025 0.000021 0.000017 0.000019 0.000009 0.000010 0.000003 0.000007 0.000001 0.000005 0.000008 0.000010...[truncated_8160_elements]
Source_1,Batch_7,Frame_6,Layer_1,output_bbox/BiasAdd:0,3,16 34 60 ,RAW_DATA:0.614021 0.394050 0.691631 0.796956 0.815977 0.794627 0.507297 0.584357 0.592087 0.633354 0.808827 1.066777 1.206164 1.220312 1.098065 0.950447 0.892902 0.907253 0.769387 0.511030 0.514682 0.559483 0.547943 0.512182 0.442999 -0.224243 -0.294591 -0.068115 0.097696 0.145972 -0.077008 0.265677 0.420263 0.365288 0.747016 0.858519 0.802978 0.929758 1.242455 1.717503 1.785758 1.126932 0.548711 0.789941 0.855837 0.744683 0.605611 0.606909 0.615588 0.767912 0.580429 0.500909 0.526260 0.538926 0.528507 0.575086 0.622115 0.350730 0.320649 0.189112 0.355373 0.293649 0.745616 1.064580 1.139893 1.144025 1.173177 1.152042 1.205742 1.243589 1.331417 1.585038 1.766522 1.931893 1.734118 1.702321 1.331475 0.918713 0.566027 0.383229 0.093694 0.141117 0.370021 0.535471 0.924049 0.228073 0.263245 -0.092853 -0.216664 0.192807 -0.061933 0.269598 0.322334 0.376268 0.455005 0.592537 0.772346 0.863373 1.129313 1.402369...[truncated_32640_elements]
Source_0,Batch_8,Frame_5,Layer_0,output_cov/Sigmoid:0,3,4 34 60 ,RAW_DATA:0.000008 0.000004 0.000004 0.000003 0.000001 0.000001 0.000002 0.000001 0.000001 0.000002 0.000001 0.000001 0.000001 0.000000 0.000001 0.000001 0.000001 0.000001 0.000001 0.000001 0.000001 0.000001 0.000000 0.000001 0.000001 0.000001 0.000002 0.000003 0.000011 0.000024 0.000007 0.000004 0.000001 0.000001 0.000001 0.000000 0.000001 0.000001 0.000000 0.000000 0.000000 0.000000 0.000001 0.000007 0.000055 0.000052 0.000059 0.000022 0.000002 0.000001 0.000000 0.000000 0.000001 0.000000 0.000000 0.000000 0.000000 0.000001 0.000004 0.000007 0.000001 0.000001 0.000001 0.000001 0.000000 0.000000 0.000001 0.000000 0.000000 0.000000 0.000000 0.000001 0.000000 0.000000 0.000001 0.000001 0.000000 0.000000 0.000000 0.000001 0.000001 0.000001 0.000001 0.000001 0.000001 0.000001 0.000001 0.000000 0.000001 0.000006 0.000008 0.000004 0.000002 0.000001 0.000001 0.000001 0.000001 0.000001 0.000001 0.000001...[truncated_8160_elements]
Source_0,Batch_8,Frame_5,Layer_1,output_bbox/BiasAdd:0,3,16 34 60 ,RAW_DATA:0.342795 0.403494 0.900003 1.344257 1.363811 1.434065 1.482112 1.487616 1.472618 1.018253 0.372198 0.544983 0.770701 0.990473 1.255496 0.989697 0.956520 0.844941 0.786001 0.811229 0.916146 0.959827 0.913703 0.759092 0.414386 0.309886 0.264979 0.222001 0.223438 0.312973 0.420058 0.546467 0.441717 0.393782 0.378199 0.469401 0.484078 0.524515 0.567413 0.642436 0.672651 0.430519 -0.159291 -0.320422 -0.069657 0.239085 0.777105 1.181463 1.505919 0.910161 0.856423 0.796919 0.733450 0.715940 0.680061 0.675822 0.601055 0.186386 0.181934 0.126351 0.043634 0.391210 0.871186 1.328819 1.747829 2.050337 2.551208 2.220656 2.006587 1.774968 2.030369 1.838957 1.539510 1.815408 1.909584 2.393994 2.257758 1.739431 1.572357 1.539794 1.841728 2.039635 1.728297 1.671067 1.246432 0.569311 0.358612 0.300141 0.470931 0.717269 0.826536 0.776745 0.608916 0.503723 0.507459 0.597745 0.610627 0.707463 0.820225 0.975238...[truncated_32640_elements]
